step,t_star,outlet_bulk_T_K,max_T_K,min_T_K,energy_closure_pct,mass_imbalance_pct
0,0.0000,293.0000,293.000,293.000,0.000,0.00000
100,0.1465,293.0034,295.954,293.000,0.095,0.01177
200,0.2932,293.0069,297.238,292.991,0.192,0.06395
300,0.4399,293.0104,298.194,292.934,0.291,0.09749
400,0.5866,293.0140,298.956,292.820,0.392,0.11211
500,0.7333,293.0177,299.576,292.672,0.495,0.11797
600,0.8800,293.0214,300.259,292.510,0.599,0.12028
700,1.0267,293.0252,300.945,292.350,0.705,0.12116
800,1.1734,293.0290,301.590,292.202,0.812,0.12150
900,1.3201,293.0329,302.197,292.073,0.920,0.12162
1000,1.4668,293.0368,302.764,291.960,1.029,0.12165
1100,1.6135,293.0407,303.290,291.866,1.140,0.12165
1200,1.7601,293.0447,303.781,291.790,1.251,0.12165
1300,1.9068,293.0487,304.234,291.725,1.363,0.12166
1400,2.0535,293.0527,304.649,291.671,1.477,0.12166
1500,2.2002,293.0568,305.027,291.628,1.591,0.12166
1600,2.3469,293.0609,305.369,291.596,1.706,0.12167
1700,2.4936,293.0651,305.676,291.571,1.822,0.12167
1800,2.6403,293.0693,305.951,291.552,1.939,0.12167
1900,2.7870,293.0735,306.195,291.537,2.057,0.12166
2000,2.9337,293.0777,306.411,291.527,2.176,0.12166
2100,3.0804,293.0820,306.600,291.519,2.295,0.12166
2200,3.2271,293.0863,306.765,291.513,2.415,0.12167
2300,3.3738,293.0906,306.908,291.510,2.537,0.12167
2400,3.5204,293.0950,307.031,291.507,2.659,0.12167
2500,3.6671,293.0993,307.300,291.505,2.781,0.12167
2600,3.8138,293.1038,307.599,291.504,2.905,0.12168
2700,3.9605,293.1082,307.931,291.504,3.029,0.12168
2800,4.1072,293.1127,308.254,291.504,3.154,0.12168
2900,4.2539,293.1172,308.569,291.505,3.280,0.12168
3000,4.4006,293.1217,308.874,291.505,3.407,0.12168
3100,4.5473,293.1262,309.168,291.506,3.534,0.12168
3200,4.6940,293.1308,309.450,291.507,3.662,0.12168
3300,4.8407,293.1354,309.719,291.508,3.791,0.12168
3400,4.9874,293.1400,309.978,291.509,3.921,0.12168
3500,5.1341,293.1447,310.227,291.510,4.051,0.12168
3600,5.2808,293.1494,310.462,291.511,4.182,0.12168
3700,5.4274,293.1541,310.685,291.512,4.314,0.12168
3800,5.5741,293.1588,310.897,291.513,4.446,0.12169
3900,5.7208,293.1635,311.101,291.513,4.579,0.12169
4000,5.8675,293.1683,311.293,291.514,4.713,0.12169
4100,6.0142,293.1731,311.473,291.515,4.847,0.12169
4200,6.1609,293.1779,311.641,291.515,4.982,0.12169
4300,6.3076,293.1828,311.797,291.516,5.118,0.12169
4400,6.4543,293.1877,311.943,291.516,5.254,0.12169
4500,6.6010,293.1926,312.148,291.516,5.391,0.12169
4600,6.7477,293.1975,312.363,291.517,5.529,0.12170
4700,6.8944,293.2024,312.571,291.517,5.667,0.12170
4800,7.0411,293.2074,312.789,291.517,5.806,0.12170
4900,7.1877,293.2124,313.002,291.517,5.946,0.12170
5000,7.3344,293.2174,313.211,291.517,6.086,0.12170
5100,7.4811,293.2224,313.416,291.517,6.227,0.12170
5200,7.6278,293.2275,313.615,291.517,6.369,0.12170
5300,7.7745,293.2325,313.811,291.517,6.511,0.12170
5400,7.9212,293.2376,314.001,291.517,6.653,0.12171
5500,8.0679,293.2427,314.186,291.517,6.797,0.12171
5600,8.2146,293.2479,314.366,291.517,6.940,0.12170
5700,8.3613,293.2530,314.558,291.517,7.085,0.12170
5800,8.5080,293.2582,314.751,291.517,7.230,0.12170
5900,8.6547,293.2634,314.940,291.517,7.375,0.12170
6000,8.8014,293.2686,315.125,291.517,7.521,0.12171
6100,8.9481,293.2739,315.307,291.517,7.668,0.12171
6200,9.0947,293.2791,315.485,291.517,7.815,0.12171
6300,9.2414,293.2844,315.659,291.517,7.963,0.12172
6400,9.3881,293.2897,315.828,291.517,8.111,0.12171
6500,9.5348,293.2950,316.000,291.517,8.260,0.12171
6600,9.6815,293.3004,316.181,291.517,8.410,0.12171
6700,9.8282,293.3057,316.359,291.517,8.559,0.12171
6800,9.9749,293.3111,316.535,291.517,8.710,0.12171
6900,10.1216,293.3165,316.708,291.517,8.861,0.12172
7000,10.2683,293.3219,316.877,291.517,9.012,0.12172
7100,10.4150,293.3273,317.043,291.517,9.164,0.12172
7200,10.5617,293.3327,317.206,291.517,9.316,0.12172
7300,10.7084,293.3382,317.365,291.517,9.469,0.12172
7400,10.8550,293.3437,317.521,291.517,9.622,0.12172
7500,11.0017,293.3492,317.688,291.517,9.776,0.12172
7600,11.1484,293.3547,317.854,291.517,9.930,0.12172
7700,11.2951,293.3602,318.017,291.516,10.085,0.12172
7800,11.4418,293.3657,318.178,291.516,10.240,0.12172
7900,11.5885,293.3713,318.335,291.516,10.395,0.12173
8000,11.7352,293.3769,318.497,291.516,10.551,0.12173
8100,11.8819,293.3824,318.659,291.516,10.708,0.12173
8200,12.0286,293.3880,318.817,291.516,10.865,0.12173
8300,12.1753,293.3937,318.974,291.516,11.022,0.12172
8400,12.3220,293.3993,319.128,291.516,11.180,0.12172
8500,12.4687,293.4049,319.279,291.516,11.338,0.12172
8600,12.6154,293.4106,319.427,291.516,11.496,0.12173
8700,12.7620,293.4163,319.575,291.516,11.655,0.12173
8800,12.9087,293.4220,319.725,291.516,11.814,0.12173
8900,13.0554,293.4277,319.875,291.516,11.974,0.12174
9000,13.2021,293.4334,320.022,291.516,12.134,0.12174
9100,13.3488,293.4391,320.168,291.516,12.294,0.12173
9200,13.4955,293.4448,320.313,291.516,12.455,0.12173
9300,13.6422,293.4506,320.461,291.516,12.616,0.12173
9400,13.7889,293.4564,320.608,291.516,12.778,0.12173
9500,13.9356,293.4622,320.753,291.516,12.940,0.12173
9600,14.0823,293.4679,320.895,291.516,13.102,0.12174
9700,14.2290,293.4738,321.035,291.516,13.264,0.12174
9800,14.3757,293.4796,321.173,291.516,13.427,0.12174
9900,14.5223,293.4854,321.311,291.516,13.591,0.12174
10000,14.6690,293.4912,321.455,291.516,13.754,0.12174
10100,14.8157,293.4971,321.597,291.516,13.918,0.12173
10200,14.9624,293.5030,321.737,291.516,14.082,0.12173
10300,15.1091,293.5088,321.876,291.516,14.247,0.12173
10400,15.2558,293.5147,322.012,291.516,14.412,0.12173
10500,15.4025,293.5206,322.147,291.516,14.577,0.12174
10600,15.5492,293.5265,322.279,291.516,14.742,0.12175
10700,15.6959,293.5325,322.415,291.516,14.908,0.12175
10800,15.8426,293.5384,322.553,291.516,15.074,0.12174
10900,15.9893,293.5443,322.690,291.516,15.241,0.12174
11000,16.1360,293.5503,322.825,291.516,15.407,0.12173
11100,16.2827,293.5563,322.958,291.516,15.574,0.12173
11200,16.4293,293.5622,323.090,291.516,15.742,0.12173
11300,16.5760,293.5682,323.220,291.516,15.909,0.12174
11400,16.7227,293.5742,323.348,291.516,16.077,0.12175
11500,16.8694,293.5802,323.481,291.516,16.245,0.12175
11600,17.0161,293.5862,323.613,291.516,16.413,0.12175
11700,17.1628,293.5922,323.744,291.516,16.582,0.12174
11800,17.3095,293.5983,323.874,291.516,16.751,0.12174
11900,17.4562,293.6043,324.002,291.516,16.920,0.12174
12000,17.6029,293.6104,324.129,291.516,17.090,0.12173
12100,17.7496,293.6164,324.254,291.516,17.259,0.12173
12200,17.8963,293.6225,324.379,291.516,17.429,0.12174
12300,18.0430,293.6286,324.508,291.516,17.599,0.12174
12400,18.1896,293.6347,324.636,291.516,17.770,0.12175
12500,18.3363,293.6408,324.763,291.516,17.940,0.12175
12600,18.4830,293.6469,324.888,291.516,18.111,0.12175
12700,18.6297,293.6530,325.012,291.516,18.282,0.12174
12800,18.7764,293.6591,325.134,291.516,18.454,0.12174
12900,18.9231,293.6652,325.255,291.516,18.625,0.12173
13000,19.0698,293.6714,325.376,291.516,18.797,0.12173
13100,19.2165,293.6775,325.497,291.516,18.969,0.12174
13200,19.3632,293.6837,325.617,291.516,19.142,0.12174
13300,19.5099,293.6898,325.739,291.516,19.314,0.12175
13400,19.6566,293.6960,325.860,291.516,19.487,0.12175
13500,19.8033,293.7022,325.980,291.516,19.659,0.12175
13600,19.9500,293.7083,326.099,291.516,19.832,0.12174
13700,20.0966,293.7146,326.216,291.516,20.007,0.12174
13800,20.2433,293.7208,326.338,291.516,20.182,0.12174
13900,20.3900,293.7271,326.458,291.516,20.359,0.12173
14000,20.5367,293.7335,326.577,291.516,20.536,0.12173
14100,20.6834,293.7398,326.696,291.516,20.714,0.12174
14200,20.8301,293.7462,326.813,291.516,20.893,0.12174
14300,20.9768,293.7527,326.928,291.516,21.074,0.12174
14400,21.1235,293.7592,327.043,291.516,21.257,0.12174
14500,21.2702,293.7658,327.157,291.516,21.442,0.12174
14600,21.4169,293.7725,327.273,291.516,21.629,0.12174
14700,21.5636,293.7792,327.390,291.516,21.817,0.12173
14800,21.7103,293.7859,327.506,291.516,22.004,0.12173
14900,21.8569,293.7924,327.620,291.516,22.186,0.12173
15000,22.0036,293.7987,327.734,291.516,22.363,0.12173
15100,22.1503,293.8047,327.847,291.516,22.531,0.12173
15200,22.2970,293.8105,327.959,291.516,22.692,0.12174
15300,22.4437,293.8160,328.070,291.516,22.846,0.12174
15400,22.5904,293.8213,328.184,291.516,22.996,0.12174
15500,22.7371,293.8267,328.297,291.516,23.147,0.12174
15600,22.8838,293.8322,328.410,291.516,23.302,0.12174
15700,23.0305,293.8381,328.521,291.516,23.465,0.12174
15800,23.1772,293.8444,328.632,291.516,23.641,0.12174
15900,23.3239,293.8512,328.744,291.516,23.832,0.12174
16000,23.4706,293.8586,328.855,291.516,24.038,0.12173
16100,23.6173,293.8664,328.966,291.516,24.259,0.12174
16200,23.7639,293.8748,329.076,291.516,24.492,0.12173
16300,23.9106,293.8834,329.185,291.516,24.734,0.12174
16400,24.0573,293.8922,329.293,291.516,24.980,0.12174
16500,24.2040,293.9010,329.402,291.516,25.227,0.12174
16600,24.3507,293.9097,329.511,291.516,25.471,0.12174
16700,24.4974,293.9182,329.619,291.516,25.708,0.12174
16800,24.6441,293.9264,329.726,291.516,25.939,0.12174
16900,24.7908,293.9344,329.835,291.516,26.161,0.12174
17000,24.9375,293.9420,329.943,291.516,26.374,0.12174
17100,25.0842,293.9494,330.050,291.516,26.580,0.12174
17200,25.2309,293.9565,330.157,291.516,26.781,0.12174
17300,25.3776,293.9635,330.262,291.516,26.978,0.12174
17400,25.5242,293.9705,330.367,291.516,27.173,0.12174
17500,25.6709,293.9775,330.471,291.516,27.369,0.12174
17600,25.8176,293.9847,330.577,291.516,27.569,0.12174
17700,25.9643,293.9920,330.683,291.516,27.774,0.12174
17800,26.1110,293.9996,330.788,291.516,27.987,0.12174
17900,26.2577,294.0075,330.892,291.516,28.209,0.12175
18000,26.4044,294.0158,330.995,291.516,28.441,0.12175
18100,26.5511,294.0245,331.098,291.516,28.685,0.12175
18200,26.6978,294.0337,331.203,291.516,28.941,0.12175
18300,26.8445,294.0432,331.307,291.516,29.209,0.12175
18400,26.9912,294.0532,331.411,291.516,29.489,0.12175
18500,27.1379,294.0636,331.514,291.516,29.780,0.12176
18600,27.2846,294.0744,331.616,291.516,30.080,0.12176
18700,27.4312,294.0854,331.718,291.516,30.390,0.12176
18800,27.5779,294.0967,331.819,291.516,30.706,0.12176
18900,27.7246,294.1082,331.922,291.516,31.028,0.12176
19000,27.8713,294.1199,332.025,291.516,31.355,0.12176
19100,28.0180,294.1316,332.126,291.516,31.684,0.12176
19200,28.1647,294.1434,332.227,291.516,32.014,0.12176
19300,28.3114,294.1552,332.328,291.516,32.345,0.12177
19400,28.4581,294.1670,332.427,291.516,32.674,0.12176
19500,28.6048,294.1787,332.528,291.516,33.002,0.12176
19600,28.7515,294.1903,332.629,291.516,33.327,0.12177
19700,28.8982,294.2019,332.730,291.516,33.650,0.12177
19800,29.0449,294.2133,332.829,291.516,33.970,0.12176
19900,29.1915,294.2246,332.929,291.516,34.287,0.12177
20000,29.3382,294.2358,333.027,291.516,34.601,0.12176
